{"TaskTimes":[29.1312485,23.6715317,39.4102631],"TotalTime":98.1948242,"Timestamp":"2020-03-31T17:24:17.9988441+08:00","Sequence":null,"GlobalData":{}}
