{"cameraMode":{"drawMode":0,"name":"Shaded","section":"Shading Mode"},"sceneLighting":true,"audioPlay":false,"sceneViewState":{"showFog":true,"showMaterialUpdate":false,"showSkybox":true,"showFlares":true,"showImageEffects":true,"showParticleSystems":true},"in2DMode":false,"pivot":{"x":2.3940865993499758,"y":-1.5887906551361085,"z":-2.9067203998565676},"rotation":{"x":-0.4067045748233795,"y":0.3395426869392395,"z":-0.16603684425354005,"w":-0.8317051529884338},"size":4.623875141143799,"orthographic":false}